net,ref,pin_no,pin_name
GND,U1,3,GND_3
GND,U1,8,GND_8
GND,U1,13,GND_13
GND,U1,18,GND_18
GND,U1,23,GND_23
GND,U1,28,GND_28
GND,U1,33,GND_33
GND,U1,38,GND_38
GND,J_TB_A,3,GND1
GND,J_TB_A,8,GND2
GND,J_TB_B,1,GND3
GND,J_TOF1,2,GND
GND,J_TOF2,2,GND
GND,J_TOF3,2,GND
GND,J_IMU,2,GND
GND,J_ML,4,ENC_GND
GND,J_MR,4,ENC_GND
GND,J_BAT,2,-
GND,J_REG,2,GND
GND,R2,2,2
GND,C1,2,2
GND,C2,2,-
GND,C3,2,-
GND,C4,2,2
GND,C5,2,2
GND,TP4,1,1
+3V3,U1,36,3V3_OUT
+3V3,J_TB_A,2,VCC
+3V3,J_ML,3,ENC_VCC
+3V3,J_MR,3,ENC_VCC
+3V3,JP1,1,3V3
+3V3,C5,1,1
+3V3,TP1,1,1
+5V,J_REG,3,VOUT
+5V,D1,2,A
+5V,JP1,3,5V
+5V,C3,1,+
+5V,TP2,1,1
VSYS,D1,1,K
VSYS,U1,39,VSYS
VBAT_SW,SW1,2,2
VBAT_SW,J_REG,1,VIN
VBAT_SW,J_TB_A,1,VM
VBAT_SW,R1,1,1
VBAT_SW,C2,1,+
VBAT_SW,TP3,1,1
VBAT_RAW,J_BAT,1,+
VBAT_RAW,SW1,1,1
+SENS,JP1,2,SENS
+SENS,J_TOF1,1,VIN
+SENS,J_TOF2,1,VIN
+SENS,J_TOF3,1,VIN
+SENS,J_IMU,1,VCC
+SENS,C4,1,1
I2C_SDA,U1,6,GP4
I2C_SDA,J_TOF1,3,SDA
I2C_SDA,J_TOF2,3,SDA
I2C_SDA,J_TOF3,3,SDA
I2C_SDA,J_IMU,4,SDA
I2C_SCL,U1,7,GP5
I2C_SCL,J_TOF1,4,SCL
I2C_SCL,J_TOF2,4,SCL
I2C_SCL,J_TOF3,4,SCL
I2C_SCL,J_IMU,3,SCL
XSHUT_L,U1,9,GP6
XSHUT_L,J_TOF1,5,XSHUT
XSHUT_C,U1,10,GP7
XSHUT_C,J_TOF2,5,XSHUT
XSHUT_R,U1,11,GP8
XSHUT_R,J_TOF3,5,XSHUT
ENC_L_A,U1,14,GP10
ENC_L_A,J_ML,5,ENC_A
ENC_L_B,U1,15,GP11
ENC_L_B,J_ML,6,ENC_B
ENC_R_A,U1,16,GP12
ENC_R_A,J_MR,5,ENC_A
ENC_R_B,U1,17,GP13
ENC_R_B,J_MR,6,ENC_B
PWMA,U1,21,GP16
PWMA,J_TB_B,2,PWMA
AIN1,U1,22,GP17
AIN1,J_TB_B,4,AIN1
AIN2,U1,24,GP18
AIN2,J_TB_B,3,AIN2
BIN1,U1,25,GP19
BIN1,J_TB_B,6,BIN1
BIN2,U1,26,GP20
BIN2,J_TB_B,7,BIN2
PWMB,U1,27,GP21
PWMB,J_TB_B,8,PWMB
STBY,U1,29,GP22
STBY,J_TB_B,5,STBY
VBAT_SENSE,U1,31,GP26
VBAT_SENSE,R1,2,2
VBAT_SENSE,R2,1,1
VBAT_SENSE,C1,1,1
MOT_L+,J_TB_A,4,AO1
MOT_L+,J_ML,1,M+
MOT_L-,J_TB_A,5,AO2
MOT_L-,J_ML,2,M-
MOT_R+,J_TB_A,7,BO1
MOT_R+,J_MR,1,M+
MOT_R-,J_TB_A,6,BO2
MOT_R-,J_MR,2,M-
